,name,handle,url,additional info
1,Daniela Ludwig,@DaniLudwigMdB,https://twitter.com/DaniLudwigMdB,Bundestagsabgeordnete üá©üá™ Stellv. Generalsekret√§rin der @*CSU*
2,Marja-Liisa V√∂llers,@MarjaVoellers,https://twitter.com/MarjaVoellers,Bundestagsabgeordnete @*spdbt* <https://twitter.com/spdbt> f√ºr
3,Dr. Robby Schlund,@DrRobbySchlund,https://twitter.com/DrRobbySchlund,ist ein deutscher Politiker (AfD) und seit 2017 Mitglied des
4,Matthias Seestern-Pauly,@mseesternpauly,https://twitter.com/mseesternpauly,Mitglied des Bundestages | Kinder- und Jugendpolitischer Sprecher
5,Wolfgang Wiehle,@WolfgangWiehle,https://twitter.com/WolfgangWiehle,"#*AfD* <https://twitter.com/hashtag/AfD?src=hash>-Politiker,"
6,Renata Alt,@RenataAlt_MdB,https://twitter.com/RenataAlt_MdB,"Mitglied des Deutschen Bundestages, Au√üenpolitikerin; Es twittern"
7,Britta Dassler,@BrittaDassler,https://twitter.com/BrittaDassler,Bundestagsabgeordnete aus Herzogenaurach f√ºr die @*FDP*
8,Markus Herbrand,@HerbrandMarkus,https://twitter.com/HerbrandMarkus,Mitglied der FDP-Fraktion im Deutschen Bundestag Mitglied im
9,Dr. Bruno Hollnagel,@DrHollnagel,https://twitter.com/DrHollnagel,Dies ist der offizielle Twitter-Kanal von MdB Dr. Bruno Hollnagel (AfD)
10,Karsten Klein,@MdBKlein,https://twitter.com/MdBKlein,Landesgruppenchef der bayerischen FDP Bundestagsabgeordneten |
11,Nicole Westig,@NicoleWestig,https://twitter.com/NicoleWestig,Pflegepolitische Sprecherin der FDP- Bundestagsfraktion #*Pflege*
12,Ulrich Lechte,@ulrichlechte,https://twitter.com/ulrichlechte,"Mitglied im AA. Vorsitzender im UA 'Vereinte Nationen,"
13,Manuela Rottmann,@ManuelaRottman,https://twitter.com/ManuelaRottman,"MdB, Gr√ºne, Freilandei, Juristin. Meinung hier: rein privat"
14,Frank M√ºller-Rosentritt,@theliberalfrank,https://twitter.com/theliberalfrank,Mitglied des Deutschen Bundestages | Ausw√§rtiger Ausschuss | Asien &
15,Grigorios Aggelidis,@aggelidis_fdp,https://twitter.com/aggelidis_fdp,FDP | Sprecher f√ºr Familie und Senioren der FDP-Fraktion im
16,Prof. Dr.-Ing. Martin Neumann,@_MartinNeumann,https://twitter.com/_MartinNeumann,MdB aus Brandenburg | Sprecher f√ºr Energiepolitik @*fdpbt*
17,Bettina Hoffmann,@bhoffmann_mdb,https://twitter.com/bhoffmann_mdb,"B√úNDNIS90/DIE GR√úNEN Bundestagsfraktion, Sprecherin f√ºr"
18,Gero Hocker,@GeroHocker,https://twitter.com/GeroHocker,Mitglied des Deutschen Bundestags - FDP - Sprecher f√ºr
19,Hansj√∂rg M√ºller,@mueller_mdb,https://twitter.com/mueller_mdb,Hier twittert der Parlamentarische GF der #*afdimbundestag*
20,J√∂rn K√∂nig,@JoernKoenigAfD,https://twitter.com/JoernKoenigAfD,MdB und sportpolitischer Sprecher der @*AfD*
21,Bijan Djir-Sarai,@DjirSarai,https://twitter.com/DjirSarai,Au√üenpolitischer Sprecher der FDP-Bundestagsfraktion
22,Katja Keul,@KatjaKeul,https://twitter.com/KatjaKeul,Gr√ºne Bundestagsabgeordnete aus Niedersachsen ‚Äì Anw√§ltin f√ºr
23,Friedrich Straetmanns,@FrStraetmanns,https://twitter.com/FrStraetmanns,Mitglied des Bundestages | Justiziar und rechtspolitischer Sprecher
24,Katharina Willkomm,@k_willkomm,https://twitter.com/k_willkomm,Sprecherin f√ºr Verbraucherschutz der @*FDP*
25,Kirsten Kappert-Gonther,@KirstenKappert,https://twitter.com/KirstenKappert,Abgeordnete im Bundestag von B√ºndnis90/Die Gr√ºnen #*Gesundheit*
26,Till Mansmann,@TillMansmann,https://twitter.com/TillMansmann,S√ºdhessisches MdB in den Aussch√ºssen Arbeit/Soziales +
27,Erhard Grundl,@E_Grundl,https://twitter.com/E_Grundl,"MdB, B√ºndnis 90/Die Gr√ºnen, Sprecher f√ºr Kulturpolitk, Mitglied im"
28,Thomas Silberhorn,@SilberhornMdB,https://twitter.com/SilberhornMdB,Parlamentarischer Staatssekret√§r @*BMVg_Bund*
29,Judith Skudelny,@JudithSkudelny,https://twitter.com/JudithSkudelny,Generalsekret√§rin der FDP Baden-W√ºrttemberg | Mitglied des Deutschen
30,Michelle M√ºntefering,@Mi_Muentefering,https://twitter.com/Mi_Muentefering,"MoP, Constituency Herne-Bochum II, SPD, Minister of State 4 Int."
31,Fabian Jacobi,@Jacobi_AfD,https://twitter.com/Jacobi_AfD,Geburtsort #*M√ºnster*
32,Margit Stumpp,@margit_stumpp,https://twitter.com/margit_stumpp,MdB & Gr√ºne. Sprecherin f√ºr Bildungs- und Medienpolitik. Expertin
33,Eva-Maria Schreiber,@MdB_Schreiber,https://twitter.com/MdB_Schreiber,Bundestagsabgeordnete (DIE LINKE.) @*linksfraktion*
34,Frank Magnitz,@Frank_Magnitz,https://twitter.com/Frank_Magnitz,F√ºr #*Bremen* <https://twitter.com/hashtag/Bremen?src=hash> im
35,Esther Dilcher,@EstherDilcher,https://twitter.com/EstherDilcher,
36,Katja Mast,@KatjaMast,https://twitter.com/KatjaMast,"Gl√ºhende Sozialdemokratin, Bundestagsabgeordnete f√ºr Pforzheim & den"
37,Marc Biadacz,@MBiadaczMdB,https://twitter.com/MBiadaczMdB,#*Mut* <https://twitter.com/hashtag/Mut?src=hash>. #*Optimismus*
38,Karlheinz Busen,@busen_mdb,https://twitter.com/busen_mdb,Abgeordneter des Deutschen Bundestages aus dem M√ºnsterland. Mitglied
39,Gerald Ullrich,@G_UllrichFDP,https://twitter.com/G_UllrichFDP,#*Bundestag* <https://twitter.com/hashtag/Bundestag?src=hash> #*FDP*
40,Amira Mohamed Ali,@Amira_M_Ali,https://twitter.com/Amira_M_Ali,"Mitglied des Deutschen Bundestages, Sprecherin f√ºr"
41,Philipp Amthor,@Philipp_Amthor,https://twitter.com/Philipp_Amthor,Mitglied des deutschen Bundestages (CDU). Wahlkreis 16
42,Mario Mieruch,@MieruchMario,https://twitter.com/MieruchMario,"Dipl.-Ing. (BA) f√ºr Mechatronik, MdB f√ºr Die blaue Partei."
43,Stefan Schmidt,@Schmidt_MdB,https://twitter.com/Schmidt_MdB,"Sprecher f√ºr Kommunalfinanzen | MdB | B90/Die Gr√ºnen | Finanzen,"
44,Bernd Reuther,@reuther_bernd,https://twitter.com/reuther_bernd,Liberaler & Mitglied des Deutschen Bundestags. Themen:
45,Axel Knoerig,@axel_knoerig,https://twitter.com/axel_knoerig,"Bundestagsabgeordneter; Wahlkreis Diepholz/Nienburg I; CDU, CDA,"
46,Christoph Plo√ü,@christophploss,https://twitter.com/christophploss,üá©üá™ Bundestagsabgeordneter @*cducsubt*
47,Brigitte Freihold,@MdB_Freihold,https://twitter.com/MdB_Freihold,Mitglied des Bundestags f√ºr #*DieLinke*
48,Hagen Reinhold,@reinholdmdb,https://twitter.com/reinholdmdb,MdB aus MV | #*FDP* <https://twitter.com/hashtag/FDP?src=hash> |
49,Dr. Christian Wirth,@ChrWirthMdB,https://twitter.com/ChrWirthMdB,"Dr. Christian Wirth, f√ºr das #*Saarland*"
50,Martin Sichert,@Martin_Sichert,https://twitter.com/Martin_Sichert,"Landesvorsitzender AfD Bayern, MdB, Sozialpolitiker"
51,J√ºrgen Braun,@JuergenBraunAfD,https://twitter.com/JuergenBraunAfD,Bundestagsabgeordneter f√ºr den Wahlkreis Waiblingen |
52,Hartmut Ebbing,@HartmutEbbing,https://twitter.com/HartmutEbbing,Mitglied des Deutschen Bundestags - Wahlkreis Steglitz-Zehlendorf -
53,Jens Maier,@JensMaierAfD,https://twitter.com/JensMaierAfD,Offizieller Account des Dresdner Bundestagsabgeordneten Jens Maier
54,Dr. Anton Friesen,@DrFriesenMdB,https://twitter.com/DrFriesenMdB,AfD-Fraktion | Mitglied Ausw√§rtiger Ausschuss | Sprecher Junge
55,Thomas Seitz,@Th_Seitz_AfD,https://twitter.com/Th_Seitz_AfD,"Bundestagsabgeordneter der AfD im Wahlkreis Emmendingen-Lahr,"
56,Olaf in der Beek,@olafinderbeek,https://twitter.com/olafinderbeek,Obmann Ausschuss wirtschaftl. Zusammenarbeit+Entwicklung/Ausschuss
57,SiemtjeM,@SiemtjeMoeller,https://twitter.com/SiemtjeMoeller,
58,Steffen Kotr√©,@SteffenKotre,https://twitter.com/SteffenKotre,#*MdB* <https://twitter.com/hashtag/MdB?src=hash> 19. Deutscher
59,Andreas Bleck,@AndreasBleckMdB,https://twitter.com/AndreasBleckMdB,"Mitglied des Bundestages, Vorsitzender der AfD Altenkirchen"
60,Sebastian Brehm,@Brehm_inNBGNord,https://twitter.com/Brehm_inNBGNord,F√ºr N√ºrnberg-Nord im Bundestag | Folgen Sie mir bei meiner Arbeit in
61,Lukas K√∂hler,@koehler_fdp,https://twitter.com/koehler_fdp,"Klimapolitischer Sprecher der @*fdpbt* <https://twitter.com/fdpbt>,"
62,Michael Espendiller,@EspendillerM,https://twitter.com/EspendillerM,"MdB, Mathematiker, NRW, parl. Gesch√§ftsf√ºhrer der #*AfD*"
63,Karl-Heinz Brunner,@BrunnerGanzOhr,https://twitter.com/BrunnerGanzOhr,üåà Als Volksvertreter im Bundestag im engsten Sinn des Wortes f√ºr &
64,Matthias B√ºttner,@Buettner_MdB,https://twitter.com/Buettner_MdB,Mitglied des 19. Deutschen Bundestages (Wahlkreis #*Altmark*
65,Daniela Wagner,@DanyWagner_DA,https://twitter.com/DanyWagner_DA,#*MdB* <https://twitter.com/hashtag/MdB?src=hash> @*GrueneBundestag*
66,Anita Sch√§fer,@SchaeferCDU,https://twitter.com/SchaeferCDU,Bundestagsabgeordnete der CDU im Wahlkreis 210
67,Carina Konrad,@carina_konrad,https://twitter.com/carina_konrad,"Diplom Agraringenieurin, Landwirtin, Mitglied des Bundestages, FDP"
68,Martin Hess,@Martin_Hess_AfD,https://twitter.com/Martin_Hess_AfD,#*MdB* <https://twitter.com/hashtag/MdB?src=hash> Wahlkreis 265
69,Sybille Benning,@SybilleBenning,https://twitter.com/SybilleBenning,Bundestagsabgeordnete f√ºr die Stadt M√ºnster. Ich twittere selbst
70,Corinna Miazga,@CorinnaMiazga,https://twitter.com/CorinnaMiazga,"Abgeordnete des Deutschen Bundestages, @*AfDimBundestag*"
71,Uli Gr√∂tsch,@UliGroetsch,https://twitter.com/UliGroetsch,"Generalsekret√§r der BayernSPD, Ehemann & Vater, Mitglied des"
72,Norbert Kleinw√§chter,@NKleinwaechter,https://twitter.com/NKleinwaechter,Mitglied der AfD-Bundestagsfraktion im 19. Deutschen Bundestag. FB:
73,Sebastian M√ºnzenmaier,@S_Muenzenmaier,https://twitter.com/S_Muenzenmaier,MdB Sebastian M√ºnzenmaier | Vorsitzender des Ausschusses f√ºr
74,Dr. Michael von Abercron,@mvabercron,https://twitter.com/mvabercron,Direkt gew√§hlter Bundestagsabgeordneter aus dem Wahlkreis Pinneberg
75,Christoph Meyer,@ChristophFDP,https://twitter.com/ChristophFDP,Berliner #*MdB* <https://twitter.com/hashtag/MdB?src=hash> der
76,Sandra Weeser,@sandra_weeser,https://twitter.com/sandra_weeser,"MdB, stellv. Landesvorsitzende FDP Rheinland-Pfalz, es twittern"
77,Jens Brandenburg,@JBrandenburgFDP,https://twitter.com/JBrandenburgFDP,MdB | Sprecher f√ºr #*Studium*
78,Gustav Herzog,@GustavHerzogMdB,https://twitter.com/GustavHerzogMdB,Direkt gew√§hlter Abgeordneter des Wahlkreises Kaiserslautern im
79,Carlo Cronenberg,@CarloCronenberg,https://twitter.com/CarloCronenberg,
80,Uwe Feiler,@uwefeilermdb,https://twitter.com/uwefeilermdb,Bundestagsabgeordneter im Wahlkreis 58 Landesvorsitzender der MIT
81,Dr. Achim Kessler,@AchimKesslerMdB,https://twitter.com/AchimKesslerMdB,üî∫Member of the German #*Bundestag*
82,Udo Hemmelgarn,@UdoHemmelgarn,https://twitter.com/UdoHemmelgarn,Sprecher des #*AfD* <https://twitter.com/hashtag/AfD?src=hash>-Bez.
83,Dr. Gottfried Curio,@GottfriedCurio,https://twitter.com/GottfriedCurio,#*AfD*
84,Ralf Nienaber,@Nienaber_Ralf,https://twitter.com/Nienaber_Ralf,"Ralf Nienaber, Vorstand des Immanuel Kant Vereins e.V. #*AfD*"
85,Klaus Mindrup,@KlausMindrup,https://twitter.com/KlausMindrup,#*MdB* <https://twitter.com/hashtag/MdB?src=hash> #*Pankow*
86,Nina Scheer,@NinaScheer_SPD,https://twitter.com/NinaScheer_SPD,MdB - tweete selbst
87,Prof. Harald Weyel,@h_weyel,https://twitter.com/h_weyel,Europapolitischer Sprecher der AfD im BT; Nr.3 der #*AfD*
88,Rita Hagl-Kehl,@RitaHaglKehl,https://twitter.com/RitaHaglKehl,Bundestagsabgeordnete (SPD) f√ºr Deggendorf und Freyung-Grafenau /
89,Alice Weidel,@Alice_Weidel,https://twitter.com/Alice_Weidel,Fraktionsvorsitzende der @*AfDimBundestag*
90,Ren√© Springer,@Rene_Springer,https://twitter.com/Rene_Springer,AfD | Brandenburg | Potsdam | Abgeordneter im Deutschen Bundestag |
91,Christoph Bernstiel,@c_bernstiel,https://twitter.com/c_bernstiel,#*CDU* <https://twitter.com/hashtag/CDU?src=hash>
92,Ulrich Oehme,@Oehmeulrich,https://twitter.com/Oehmeulrich,
93,Dirk V√∂pel,@VoepelDirk,https://twitter.com/VoepelDirk,
94,Wieland Schinnenburg,@WSchinnenburg,https://twitter.com/WSchinnenburg,"Zahnarzt, Rechtsanwalt, Mitglied des Bundestages"
95,Nicola Beer,@nicolabeerfdp,https://twitter.com/nicolabeerfdp,Generalsekret√§rin @*FDP* <https://twitter.com/FDP>|
96,Manja Sch√ºle,@ManjaSchuele,https://twitter.com/ManjaSchuele,SPD Bundestagsabgeordnete Wahlkreis 61 - Potsdam -
97,Reinhard Houben,@HoubenReinhard,https://twitter.com/HoubenReinhard,
98,Katrin Staffler,@katrin_staffler,https://twitter.com/katrin_staffler,Mitglied des Deutschen Bundestages Direkt gew√§hlte Abgeordnete f√ºr
99,Hans Michelbach,@hans_michelbach,https://twitter.com/hans_michelbach,"Bundestagsabgeordneter, Landesvorsitzender der MU Bayern, Stv."
100,Prof. Dr. Lothar Maier,@ProfMaier,https://twitter.com/ProfMaier,"Professor f√ºr Verbraucherschutz a.D., Abgeordneter der #*AfD*"
101,Stephan Pilsinger,@StephPilsinger,https://twitter.com/StephPilsinger,"Arzt, M√ºnchner, Bundestagsabgeordneter im Wahlkreis M√ºnchen-West/Mitte"
102,Mariana Harder-K√ºhnel,@M_HarderKuehnel,https://twitter.com/M_HarderKuehnel,MdB f√ºr die #*AfD* <https://twitter.com/hashtag/AfD?src=hash> |
103,Dirk Wiese Sauerland,@DirkWiese4,https://twitter.com/DirkWiese4,Sozialdemokratischer MdB aus dem Sauerland und Koordinator f√ºr
104,Joana Cotar,@JoanaCotar,https://twitter.com/JoanaCotar,Mitglied des 19. Deutschen Bundestages f√ºr die Alternative f√ºr
105,Petr Bystron,@PetrBystronAfD,https://twitter.com/PetrBystronAfD,üá©üá™ AfD-Abgeordneter & Obmann im Ausw√§rtigen Ausschuss des
106,Dr. Dirk Spaniel,@DirkSpaniel,https://twitter.com/DirkSpaniel,"#*MdB* <https://twitter.com/hashtag/MdB?src=hash>,"
107,Danyal Bayaz,@DerDanyal,https://twitter.com/DerDanyal,Gr√ºner MdB / BaW√º / Spargelwahlkreis / Finanzausschuss /
108,Michael Schrodi,@mischrodi,https://twitter.com/mischrodi,MdB f√ºr die Landkreise Dachau und F√ºrstenfeldbruck. Demokratischer
109,Marc Bernhard,@MarcBernhardAfD,https://twitter.com/MarcBernhardAfD,#*Bundestagsabgeordneter*
110,Dr. R.Kraft,@Dr_Rainer_Kraft,https://twitter.com/Dr_Rainer_Kraft,"Dr. Rainer Kraft, @*AfDimBundestag*"
111,Mario Brandenburg,@BraFDP,https://twitter.com/BraFDP,Bundestagsabgeordneter der Freien Demokraten
112,Sepp M√ºller,@mueller_sepp,https://twitter.com/mueller_sepp,Ihr Direktabgeordneter f√ºr Dessau-Ro√ülau und den Landkreis Wittenberg
113,G√∂kay Akbulut,@AkbulutGokay,https://twitter.com/AkbulutGokay,Mitglied des Deutschen Bundestags (MdB) DIE #*LINKE*
114,Tino Chrupalla,@Tino_Chrupalla,https://twitter.com/Tino_Chrupalla,Offizieller Account des #*AfD*
115,Markus Gr√ºbel,@GruebelMdb,https://twitter.com/GruebelMdb,"CDU-Bundestagsabgeordneter des Wahlkreises Esslingen,"
116,Stefan Keuter,@StefanKeuterAfD,https://twitter.com/StefanKeuterAfD,@*AfDimBundestag* <https://twitter.com/AfDimBundestag>-MdB f√ºr den
117,Wolfgang Hellmich,@HellmichMdB,https://twitter.com/HellmichMdB,Mitglied des Deutschen Bundestages / Wahlkreis Soest / SPD / NRW
118,Detlef M√ºller,@MuellerChemnitz,https://twitter.com/MuellerChemnitz,"Lokomotivf√ºhrer, Ausbilder, Lehrlokf√ºhrer, Teamleiter. Mitglied des"
119,Enrico Komning,@EnricoKomning,https://twitter.com/EnricoKomning,Enrico Komning | AfD | Mitglied des Bundestages
120,Fritz G√ºntzler,@FGuentzler,https://twitter.com/FGuentzler,
121,Paul Podolay,@Paul_Podolay,https://twitter.com/Paul_Podolay,"Paul Viktor Podolay, @*AfDimBundestag*"
122,ChristophNeumann,@Neumann_AfD,https://twitter.com/Neumann_AfD,"Christoph Neumann, @*AfDimBundestag*"
123,KarstenHilse,@Karsten_Hilse,https://twitter.com/Karsten_Hilse,"Karsten Hilse, @*AfDimBundestag*"
124,Leni Breymaier,@LeniBreymaier,https://twitter.com/LeniBreymaier,"Landesvorsitzende SPD Baden-W√ºrttemberg, Bundestagsabgeordnete"
125,Christian Jung,@c_jung77,https://twitter.com/c_jung77,Mitglied des Deutschen Bundestags (Wahlkreis Karlsruhe-Land);
126,Leif-Erik Holm,@Leif_Erik_Holm,https://twitter.com/Leif_Erik_Holm,Stv. Fraktionsvorsitzender @*AfDimBundestag*
127,Josip Juratovic,@josip_juratovic,https://twitter.com/josip_juratovic,"Wahlkreis Heilbronn, Integrationsbeauftragter der"
128,Sabine Poschmann,@SabinePoschmann,https://twitter.com/SabinePoschmann,
129,Marcus B√ºhl,@Marcus_Buehl,https://twitter.com/Marcus_Buehl,"Mitglied der AfD-Bundestagsfraktion, Mitglied im Haushaltsausschuss,"
130,Ulrike Bahr,@MdB_Ulrike_Bahr,https://twitter.com/MdB_Ulrike_Bahr,Mitreden! Wie kann unser #*neuesMiteinander*
131,J√∂rg Schneider,@Schneider_AfD,https://twitter.com/Schneider_AfD,"J√∂rg Schneider, @*AfDimBundestag*"
132,Jochen Haug,@Jochen_Haug,https://twitter.com/Jochen_Haug,Rechtsanwalt | Mitglied des 19. Deutschen Bundestages
133,Stephan Brandner,@StBrandner,https://twitter.com/StBrandner,"*Herten,seit 1996 in Gera. MdL(Th√ºringen) 10/2014 bis 10/2017, MdB"
134,Christine Lambrecht,@LambrechtMdB,https://twitter.com/LambrechtMdB,
135,Hans-Peter Friedrich,@HPFriedrichCSU,https://twitter.com/HPFriedrichCSU,"Vizepr√§sident des Deutschen Bundestages, BezVors CSU-Oberfranken,"
136,Dr. Silke Launert,@DrLaunert,https://twitter.com/DrLaunert,http://www.silke-launert.de/impressum/  <https://t.co/oau9hS5bCe>
137,R√ºdiger Lucassen,@MdB_Lucassen,https://twitter.com/MdB_Lucassen,Wahlkreis Euskirchen ‚ÄìRhein-Erft-Kreis II | VtdgPol Sprecher der
138,Wolfgang Stefinger,@StefingerMdB,https://twitter.com/StefingerMdB,"M√ºnchner, Bayer, Bundestagsabgeordneter"
139,Doris Achelwilm,@DorisAchelwilm,https://twitter.com/DorisAchelwilm,"‚ñ™Ô∏èBundestagsabgeordnete, Fraktion DIE LINKE ‚ñ™Ô∏èSprecherin f√ºr"
140,Dietlind Tiemann,@dr_tiemann,https://twitter.com/dr_tiemann,
141,Anja Hajduk,@HajdukBundestag,https://twitter.com/HajdukBundestag,"Hier twittert Anja Hajduk, Stellvertretende Fraktionsvorsitzende im"
142,G√∂kay Akbulut,@goekayakbulut,https://twitter.com/goekayakbulut,Spitzenkandidatin Landtagswahlen die LINKE Baden-W√ºrttemberg
143,Michael Frieser,@MichaelFrieser,https://twitter.com/MichaelFrieser,#*MdB* <https://twitter.com/hashtag/MdB?src=hash>
144,Hubertus Zdebel,@ZdebelHubertus,https://twitter.com/ZdebelHubertus,Fraktion DIE LINKE im Bundestag
145,Uwe Witt,@Witt_Uwe,https://twitter.com/Witt_Uwe,"MdB, Obmann im Ausschuss Arbeit & Soziales, Bundesvorsitzender‚Äã der"
146,Berengar Elsner von Gronow,@ElsnervonGronow,https://twitter.com/ElsnervonGronow,MdB der @*AfDimBundestag* <https://twitter.com/AfDimBundestag> (WK
147,Norbert M√ºller,@Norbert_MdB,https://twitter.com/Norbert_MdB,Bundestagsabgeordneter f√ºr @*DieLinkeBrdburg*
148,Michael Kuffer,@MichaelKuffer,https://twitter.com/MichaelKuffer,Mitglied des Deutschen Bundestages
149,Jan Korte,@jankortemdb,https://twitter.com/jankortemdb,"Hier twittern Jan Korte, 1. Parlamentarischer Gesch√§ftsf√ºhrer der"
150,Markus Frohnmaier,@Frohnmaier_AfD,https://twitter.com/Frohnmaier_AfD,"Hier twittert Markus Frohnmaier, Mitglied des Deutschen Bundestages"
151,Dr. Marc Jongen,@Marc_Jongen,https://twitter.com/Marc_Jongen,"MdB, Kulturpolitischer Sprecher der @*AfDimBundestag*"
152,Gerhard Schick,@SchickGerhard,https://twitter.com/SchickGerhard,"Mitglied des Deutschen Bundestages, @*GrueneBundestag*"
153,Katarina Barley,@katarinabarley,https://twitter.com/katarinabarley,"Feministin, Sozialdemokratin, Juristin, Trierer"
154,Martina Stamm-Fibich,@stamm_fibich,https://twitter.com/stamm_fibich,Bundestagsabgeordnete der SPD
155,Elvan Korkmaz,@KorkmazGT,https://twitter.com/KorkmazGT,#*SPD* <https://twitter.com/hashtag/SPD?src=hash>-MdB f√ºr den Kreis
156,Yvonne Magwas,@YvonneMagwas,https://twitter.com/YvonneMagwas,Direkt gew√§hlte Bundestagsabgeordnete @*cducsubt*
157,Udo Schiefner,@UdoSchiefner,https://twitter.com/UdoSchiefner,
158,Thomas Lutze,@thlutze,https://twitter.com/thlutze,
159,Andreas Lenz,@DerLenzMdB,https://twitter.com/DerLenzMdB,"Mitglied des Deutschen Bundestags, CSU, Wahlkreis 213"
160,Carsten Tr√§ger,@CarstenTraeger,https://twitter.com/CarstenTraeger,Umweltpolitischer Sprecher der SPD-Bundestagsfraktion; MdB
161,Markus T√∂ns,@Toens_NRW04,https://twitter.com/Toens_NRW04,"Sozialdemokrat, Europ√§er, Schalker, Mitglied des Bundestag f√ºr den"
162,Wilhelm von Gottberg,@vonGottberg_AfD,https://twitter.com/vonGottberg_AfD,"MdB Wilhelm von Gottberg, Bundestagsabgeordneter der #*AfD*"
163,Jan Nolte,@Jan_Nolte_AfD,https://twitter.com/Jan_Nolte_AfD,"Jan Nolte, #*AfD* <https://twitter.com/hashtag/AfD?src=hash>-MdB."
164,FranziskaGminder,@Gminder_AfD,https://twitter.com/Gminder_AfD,"Franziska Gminder, @*AfDimBundestag*"
165,Prof.Dr.Hessenkemper,@HessenkemperAfD,https://twitter.com/HessenkemperAfD,"Prof. Dr.-Ing. Heiko Hessenkemper, @*AfDimBundestag*"
166,Lars Herrmann,@Herrmann_AfD,https://twitter.com/Herrmann_AfD,"Offizieller Account von Lars Herrmann, Mitglied der"
167,Waldemar Herdt,@WaldemarHerdt,https://twitter.com/WaldemarHerdt,"Waldemar Herdt, @*AfDimBundestag*"
168,Ulrich Oehme,@Ulrich_Oehme,https://twitter.com/Ulrich_Oehme,"Ulrich Oehme, @*AfDimBundestag*"
169,Peter Felser,@PeterFelser,https://twitter.com/PeterFelser,"MdB Peter #*Felser* <https://twitter.com/hashtag/Felser?src=hash>,"
170,Dietmar Friedhoff,@Friedhoff_AfD,https://twitter.com/Friedhoff_AfD,"Dietmar Friedhoff, MdB der @*AfDimBundestag*"
171,Matthias Bartke,@matthiasbartke,https://twitter.com/matthiasbartke,F√ºr #*Altona* <https://twitter.com/hashtag/Altona?src=hash> im
172,A.Widmann-Mauz,@AWidmannMauz,https://twitter.com/AWidmannMauz,#*MdB* <https://twitter.com/hashtag/MdB?src=hash> Wahlkreis
173,Victor Perli,@victorperli,https://twitter.com/victorperli,Bundestagsmitglied. Aufgabe: soziale Opposition. Methode: Finanzen
174,Svenja Stadler,@stadler_svenja,https://twitter.com/stadler_svenja,"MdB, Wahlkreis LK Harburg, Sprecherin f√ºr B√ºrgerschaftliches"
175,Karl Lauterbach,@Karl_Lauterbach,https://twitter.com/Karl_Lauterbach,"SPD Bundestagsabgeordneter, der noch selbst tweetet"
176,Thomas Ehrhorn,@Thomas_Ehrhorn,https://twitter.com/Thomas_Ehrhorn,@*AfDimBundestag* <https://twitter.com/AfDimBundestag>-MdB der
177,Jens Kestner,@JensKestnerAfD,https://twitter.com/JensKestnerAfD,@*AfDimBundestag* <https://twitter.com/AfDimBundestag>-MdB der
179,Andreas Steier,@AndreasSteier,https://twitter.com/AndreasSteier,Direkt gew√§hlt in den Bundestag f√ºr Trier und Trier-Saarburg |
180,Torbj√∂rn Kartes,@KartesMdB,https://twitter.com/KartesMdB,"Mitglied des Deutschen Bundestages, direkt gew√§hlt von den Menschen"
181,Siegbert Dr√∂se,@Siegbert_Droese,https://twitter.com/Siegbert_Droese,"Siegbert Dr√∂se, @*AfDimBundestag*"
182,Dr. Heiko Wildberg,@Heiko_Wildberg,https://twitter.com/Heiko_Wildberg,"Dr. Heiko Wildberg, @*AfDimBundestag*"
183,"J√ºrgen Spenrath, stellv Landessprecher der  NRW",@Spenrath_AfD,https://twitter.com/Spenrath_AfD,"J√ºrgen Spenrath, stellvertretender @*AlternativeNRW*"
184,Nicole H√∂chst,@Nicole_Hoechst,https://twitter.com/Nicole_Hoechst,"Nicole H√∂chst, Abgeordnete der @*AfDimBundestag*"
185,Marie-Agnes Strack-Zimmermann,@MAStrackZi,https://twitter.com/MAStrackZi,Stellv. FDP-Bundesvorsitzende | MdB | Sprecherin f√ºr
186,Bernd Baumann,@BerndBaumannAfD,https://twitter.com/BerndBaumannAfD,"MdB Bernd #*Baumann* <https://twitter.com/hashtag/Baumann?src=hash>,"
187,Michael Georg Link,@michael_g_link,https://twitter.com/michael_g_link,Former Minister of State and Member of the German Bundestag;
188,Gabriele Katzmarek,@GabyKatzmarek,https://twitter.com/GabyKatzmarek,"Hier twittert Gabriele Katzmarek, #*MdB*"
189,Peter Stein,@Peter_Stein_CDU,https://twitter.com/Peter_Stein_CDU,Abgeordenter im Deutschen Bundestag f√ºr die Hansestadt Rostock und
190,Marcus Held,@MarcusHeld_SPD,https://twitter.com/MarcusHeld_SPD,http://facebook.com/mdbmarcus.held  <https://t.co/KWxXruqQUB>
191,Daniela De Ridder,@DeRidder_MdB,https://twitter.com/DeRidder_MdB,SPD-Bundestagsabgeordnete | Wahlkreis Mittelems |
192,Ulla Jelpke,@UllaJelpke,https://twitter.com/UllaJelpke,innenpolitische Sprecherin der @*linksfraktion*
193,Alexander Radwan,@AlexanderRadwan,https://twitter.com/AlexanderRadwan,"Alexander Radwan, MdB ist direkt gew√§hlter Abgeordneter f√ºr den"
194,Michael Gro√ü,@michaelgrossmdb,https://twitter.com/michaelgrossmdb,"SPD Bundestagsabgeordneter Wahlkreis Recklinghausen II - Datteln,"
195,Fritz Felgentreu,@fritzfelgentreu,https://twitter.com/fritzfelgentreu,Mitglied des Deutschen Bundestages f√ºr #*Neuk√∂lln*
196,Thomas Barei√ü,@Thomas_Bareiss,https://twitter.com/Thomas_Bareiss,Parl. Staatssekret√§r im @*BMWi_bund* <https://twitter.com/BMWi_bund>
197,Torsten Schweiger,@cdu_schweiger,https://twitter.com/cdu_schweiger,
198,Stefan Ruppert,@ruppert_stefan,https://twitter.com/ruppert_stefan,Mitglied des Bundestages | Parlamentarischer Gesch√§ftsf√ºhrer der
199,Markus Koob,@KoobMar,https://twitter.com/KoobMar,
200,Andreas Mrosek,@mrosek1958,https://twitter.com/mrosek1958,Alternative f√ºr Deutschland
201,Lothar Binding,@Lothar_Binding,https://twitter.com/Lothar_Binding,Finanzpolitischer Sprecher der SPD-Bundestagsfraktion @*spdbt*
202,Cornelia M√∂hring,@Conni_Moehring,https://twitter.com/Conni_Moehring,Frauenpolitische Sprecherin und Stellv. Fraktionsvorsitzende der
203,Uwe Kamann,@uwe_kamann,https://twitter.com/uwe_kamann,Obmann im Ausschuss Digitale Agenda| Fachpolitischer Sprecher
204,Martin Reichardt,@M_Reichardt_AfD,https://twitter.com/M_Reichardt_AfD,Sprecher der #*AfD*
205,Martin E. Renner,@Renner_AfD,https://twitter.com/Renner_AfD,"Martin E. Renner, @*AfDimBundestag*"
206,Zaklin Nastic,@ZaklinNastic,https://twitter.com/ZaklinNastic,"Mitglied des Deutschen Bundestages Fraktion DIE LINKE,"
207,Johannes Huber,@Huber_AfD,https://twitter.com/Huber_AfD,"Johannes Huber, @*AfDimBundestag*"
208,Anja Karliczek,@AnjaKarliczek,https://twitter.com/AnjaKarliczek,CDU-MdB f√ºr den Wahlkreis Steinfurt III - Impressum:
209,Tobias M. Peterka,@TobiasMPeterka,https://twitter.com/TobiasMPeterka,"Bezirksvorsitzender Oberfranken, MdB"
210,Kai Whittaker,@Kai_Whittaker,https://twitter.com/Kai_Whittaker,üéÇ Jahrgang 1985 üá©üá™ MdB (CDU) üóÇ Arbeit & Soziales ‚ù§Ô∏è Wahlkreis
211,Michael Gerdes,@GerdesMdB,https://twitter.com/GerdesMdB,"geb. 1960, Elektrohauer, Vorsitzender der SPD Bottrop, Mitglied im"
212,Bettina M√ºller,@BetMueller,https://twitter.com/BetMueller,Bundestagsabgeordnete im Wahlkreis Main-Kinzig ‚Äì Wetterau II ‚Äì
213,Marian Wendt,@MdbWendt,https://twitter.com/MdbWendt,Seit 2013 direkt gew√§hlter Abgeordneter im Deutschen Bundestag f√ºr
214,Ronja Kemmer,@RonjaKemmer,https://twitter.com/RonjaKemmer,Bundestagsabgeordnete f√ºr Ulm und den Alb-Donau-Kreis (WK 291)
215,Roman M√ºller-B√∂hm,@muellerboehm,https://twitter.com/muellerboehm,"Mitglied des Deutschen Bundestages, Obmann der FDP Fraktion im"
216,Ottmar von Holtz,@OWvonHoltz,https://twitter.com/OWvonHoltz,Im Bundestag f√ºr @*Die_Gruenen* <https://twitter.com/Die_Gruenen> -
217,Dietmar Bartsch,@DietmarBartsch,https://twitter.com/DietmarBartsch,"Mitglied des Bundestages, Vorsitzender der @*Linksfraktion*"
218,Uli Freese,@UliFreese,https://twitter.com/UliFreese,"Mitglied des Deutschen Bundestages - twittert selbst, oder das"
219,Markus Tressel,@MarkusTressel,https://twitter.com/MarkusTressel,Gr√ºner Bundestagsabgeordneter aus dem Saarland // Themen: L√§ndliche
220,Dagmar Ziegler,@ZieglerMdB,https://twitter.com/ZieglerMdB,Parlamentarische Gesch√§ftsf√ºhrerin der @*spdbt*
221,Andreas Schwarz,@Schwarz_MdB,https://twitter.com/Schwarz_MdB,Bundestagsabgeordneter f√ºr Bamberg und Forchheim. Mitglied im
222,Thomas Erndl,@TErndl,https://twitter.com/TErndl,
223,Annalena Baerbock,@ABaerbock,https://twitter.com/ABaerbock,Bundesvorsitzende von B√ºndnis 90/Die Gr√ºnen * Bundestagsabgeordnete
224,Thomas Jurk,@thomas_jurk,https://twitter.com/thomas_jurk,
225,Roy K√ºhne,@Dr_Roy_Kuehne,https://twitter.com/Dr_Roy_Kuehne,
226,Sabine Dittmar,@dittmarsabine,https://twitter.com/dittmarsabine,
227,Waldemar Herdt,@HoldingEuropa,https://twitter.com/HoldingEuropa,
228,Axel Gehrke,@axelgehrke,https://twitter.com/axelgehrke,"Arzt, Hochschullehrer, Vorsitzender des Institutes f√ºr funktionale"
229,Hansj√∂rg Durz,@Hansjoerg_Durz,https://twitter.com/Hansjoerg_Durz,Bundestagsabgeordneter f√ºr die Landkreise Augsburg und
230,Anna Christmann,@annachristmann,https://twitter.com/annachristmann,Gr√ºne MdB aus Stuttgart. Mitglied im Forschungs- und im
231,Michel Brandt,@michel_brandt_,https://twitter.com/michel_brandt_,Mitglied des deutschen Bundestags (MdB) - DIE #*LINKE*
232,Gerold Otten,@ttte94,https://twitter.com/ttte94,
233,Gyde Jensen,@GydeJ,https://twitter.com/GydeJ,Mitglied @*bundestag* <https://twitter.com/bundestag> f√ºr SHüó≥‚Ä¢
234,Corinna R√ºffer,@crueffer,https://twitter.com/crueffer,Sprecherin f√ºr #*BehindertenPolitik*
235,Heribert Hirte,@HHirte,https://twitter.com/HHirte,Hier twittert der Bundestagsabgeordnete & Vorsitzende des
236,"Frank Pasemann,    ‚ùå",@Frank_Pasemann,https://twitter.com/Frank_Pasemann,Mitglied des 19. Deutschen Bundestages (Wahlkreis 69 - #*Magdeburg*
237,Dr. Julia Verlinden,@julia_verlinden,https://twitter.com/julia_verlinden,"Member of Parliament, Sprecherin f√ºr #*Energiepolitik*"
238,Susann R√ºthrich,@SusannRuethrich,https://twitter.com/SusannRuethrich,Gerecht. Echt. R√ºthrich.
239,Anette Kramme,@AnetteKramme,https://twitter.com/AnetteKramme,Parlamentarische Staatssekret√§rin bei der Bundesministerin f√ºr
240,Andrea Lindholz,@AndreaLindholz,https://twitter.com/AndreaLindholz,Bundestagsabgeordnete der CSU f√ºr den Wahlkreis Aschaffenburg (247).
241,Renate K√ºnast,@RenateKuenast,https://twitter.com/RenateKuenast,"Feministin, Foodie, G√§rtnerin. Anw√§ltin, Sozialarbeiterin, MdB."
242,Elisabeth Kaiser,@lier_e,https://twitter.com/lier_e,Sozialdemokratin - Europ√§erin
243,Saskia Esken,@EskenSaskia,https://twitter.com/EskenSaskia,Mensch ... und MdB @*spdbt* <https://twitter.com/spdbt> f√ºr
244,Thomas Nord,@NordMdb,https://twitter.com/NordMdb,Die Linke
245,StephanProtschka,@ProtschkaStepha,https://twitter.com/ProtschkaStepha,AfD steht f√ºr Recht und Gerechtigkeit!
246,Mahmut √ñzdemir,@oezdemir_spd,https://twitter.com/oezdemir_spd,"Mahmut √ñzdemir, MdB (SPD) - Direkt gew√§hlter Abgeordneter des"
247,Joerg Cezanne,@joerg_cezanne,https://twitter.com/joerg_cezanne,
248,Markus Uhl,@uhl_markus,https://twitter.com/uhl_markus,
249,Mark Hauptmann,@MarkHauptmann,https://twitter.com/MarkHauptmann,"MdB f√ºr Hildburghausen, Schmalkalden-Meiningen, Sonneberg und Suhl"
250,Johannes Schraps,@jschraps,https://twitter.com/jschraps,Bundestagsabgeordneter f√ºr das Weserbergland; Sozialdemokrat;
251,Christian v. Stetten,@Stettenchris,https://twitter.com/Stettenchris,Bundestagsabgeordneter und Vorsitzender des PKM. Alle Informationen
252,Thomas Sattelberger,@th_sattelberger,https://twitter.com/th_sattelberger,"Mitglied des Deutschen Bundestages (FDP, M√ºnchen-S√ºd); ehem."
253,Kirsten Tackmann,@KirstenTackmann,https://twitter.com/KirstenTackmann,"geboren in TH√ú, aufgewachsen in B; wohne seit 1987 in einem"
254,Florian O√üner,@Florian_Ossner,https://twitter.com/Florian_Ossner,"Dipl.-Volkswirt (Uni), MdB, Markt- und Kreisrat,"
255,Kay Gottschalk,@KayGottschalk1,https://twitter.com/KayGottschalk1,Geboren am 12.12.1965 in Hamburg Abitur und danach eine Banklehre.
256,Alexander S. Neu,@AlexanderSNeu,https://twitter.com/AlexanderSNeu,Obmann im Verteidigungsausschuss & Osteuropa-Beauftragter f√ºr die
257,Matthias Hauer,@MatthiasHauer,https://twitter.com/MatthiasHauer,Bundestagsabgeordneter (CDU) - direkt gew√§hlt f√ºr den Essener S√ºden
258,Chris K√ºhn,@ChrisKuehn_mdb,https://twitter.com/ChrisKuehn_mdb,Sprecher f√ºr Bau- und Wohnungspolitik der Gr√ºnen Bundestagsfraktion
259,Britta Ha√üelmann,@BriHasselmann,https://twitter.com/BriHasselmann,Erste Parlamentarische Gesch√§ftsf√ºhrerin der Bundestagsfraktion
260,Achim Post,@Achim_P,https://twitter.com/Achim_P,"SPD-MdB f√ºr Minden-L√ºbbecke, Vorsitzender NRW-Landesgruppe in der"
261,Stefan Schwartze,@s_schwartze,https://twitter.com/s_schwartze,Mitglied des Deutschen Bundestags f√ºr den Wahlkreis Herford & Bad
262,Michael Roth,@MiRo_SPD,https://twitter.com/MiRo_SPD,seit 2013 Staatsminister f√ºr Europa * seit 1998
263,Michael Theurer,@EUTheurer,https://twitter.com/EUTheurer,"Stv. Vorsitzender FDP-Bundestagsfraktion, FDP-Pr√§sidiumsmitglied,"
264,Karsten M√∂ring,@KarstenMoering,https://twitter.com/KarstenMoering,CDU-Bundestagsabgeordneter f√ºr den Wahlkreis K√∂ln I Stadtbezirke
265,Sylvia Pantel,@SylviaPantel,https://twitter.com/SylviaPantel,Mitglied des Deutschen Bundestages f√ºr den Wahlkreis D√ºsseldorf-S√ºd
266,Sebastian Hartmann,@sebast_hartmann,https://twitter.com/sebast_hartmann,Mitglied des Bundestages und Vorsitzender der @*NRWSPD*
267,Stefan Liebich,@berlinliebich,https://twitter.com/berlinliebich,"DIE LINKE | Au√üenpolitischer Sprecher | 2009, 2013 und 2017 f√ºr"
268,Metin Hakverdi,@MetinHakverdi,https://twitter.com/MetinHakverdi,http://www.metin-hakverdi.de  <https://t.co/SS12UuWDit> - SPD -
269,Arno Klare,@arnoklare,https://twitter.com/arnoklare,"Auf Kohle geboren. F√ºr M√ºlheim, Essen-Borbeck & die SPD im"
270,Jan Metzler,@JanMetzler,https://twitter.com/JanMetzler,Bundestagsabgeordneter f√ºr den Wahlkreis Worms
271,Gabi Weber,@GabiWeberSPD,https://twitter.com/GabiWeberSPD,"SPD-Bundestagsabgeordnete f√ºr den Wahlkreis 204 Montabaur, unterwegs"
272,Angelika Gl√∂ckner,@A_Gloeckner,https://twitter.com/A_Gloeckner,Bundestagsabgeordnete
273,Mechthild Heil,@MechthildHeil,https://twitter.com/MechthildHeil,"Vorsitzende Ausschuss Bau, Wohnen, Stadtentwicklung und Kommunen, im"
274,Stefan Rouenhoff,@StefanRouenhoff,https://twitter.com/StefanRouenhoff,"Mitglied des Deutschen Bundestages, zuvor Handelsattach√©, Wahlkreis"
275,Susanne Mittag,@susanne_mittag,https://twitter.com/susanne_mittag,"SPD Bundestagskandidatin f√ºr Oldenburg-Land, Delmenhorst und die"
276,Claudia M√ºller,@GruenClaudia,https://twitter.com/GruenClaudia,"Mensch, Mama, Feministin, Bundestagsabgeordnete, Mittelstand,"
277,Wilfried Oellers,@WilfriedOellers,https://twitter.com/WilfriedOellers,CDU Bundestagsabgeordneter f√ºr den Kreis Heinsberg | Impressum:
278,Gregor Gysi,@GregorGysi,https://twitter.com/GregorGysi,Vorsitzender der Partei @*europeanleft*
279,Marcus Weinberg,@MarcusWeinberg,https://twitter.com/MarcusWeinberg,Abgeordneter des Deutschen Bundestages f√ºr Hamburg-Altona
280,Ulrike Schielke-Ziesing,@ulschzi,https://twitter.com/ulschzi,Gew√§hltes Mitglied des Deutschen Bundestages f√ºr den Wahlkreis 17
281,Nicole Gohlke,@NicoleGohlke,https://twitter.com/NicoleGohlke,MdB #*Linke* <https://twitter.com/hashtag/Linke?src=hash> |
282,Friedrich Ostendorff,@FOstendorff,https://twitter.com/FOstendorff,Mitglied des Deutschen Bundestags #*Die_Gruenen*
283,Sylvia Gabelmann,@SylviaGabelmann,https://twitter.com/SylviaGabelmann,Abgeordnete f√ºr DIE LINKE aus NRW im deutschen Bundestag.
284,Bernd Riexinger,@b_riexinger,https://twitter.com/b_riexinger,Vorsitzender der Partei DIE LINKE Mitglied des Bundestages
285,G√∂tz Fr√∂mming,@GtzFrmming,https://twitter.com/GtzFrmming,Bildungspolitischer Sprecher der @*AfDimBundestag*
286,Beatrix von Storch,@Beatrix_vStorch,https://twitter.com/Beatrix_vStorch,#*MdB* <https://twitter.com/hashtag/MdB?src=hash> 19. Deutscher
287,ulla ihnen,@uihnen,https://twitter.com/uihnen,
288,Matthias W. Birkwald,@MWBirkwald,https://twitter.com/MWBirkwald,"Mitglied des Deutschen Bundestages, rentenpolitischer Sprecher der"
289,Florian Post,@FlorianPost,https://twitter.com/FlorianPost,Bundestagsabgeordneter der SPD. F√ºr M√ºnchen in Berlin.
290,Jana Schimke,@JanaSchimke,https://twitter.com/JanaSchimke,Mitglied des Deutschen Bundestages - CDU Brandenburg - Landkreis
291,Matthias Gastel,@MatthiasGastel,https://twitter.com/MatthiasGastel,"Bundestagsabgeordneter B√ºndnis 90/Die Gr√ºnen, Mitglied im Ausschuss"
292,Sonja Steffen,@SteffenSonja,https://twitter.com/SteffenSonja,"Bundestagsabgeordnete, Rechtsanw√§ltin"
293,Katrin G√∂ring-Eckardt,@GoeringEckardt,https://twitter.com/GoeringEckardt,Fraktionsvorsitzende von B√úNDNIS 90/DIE GR√úNEN im Bundestag | aus
294,Harald Weinberg,@HaraldWeinberg,https://twitter.com/HaraldWeinberg,MdB bei @*linksfraktion* <https://twitter.com/linksfraktion> I
295,Andrew Ullmann,@UllmannMdB,https://twitter.com/UllmannMdB,"Freiheitsfreund, MdB, Kreisvorsitzender FDP W√ºrzburg, Mitglied"
296,Jutta Krellmann,@JuttaKrellmann,https://twitter.com/JuttaKrellmann,"MdB, Sprecherin f√ºr Arbeit und Mitbestimmung der @*linksfraktion*"
297,Canan Bayram,@LieblingXhain,https://twitter.com/LieblingXhain,Direkt gew√§hlte Bundestagsabgeordnete im Wahlkreis #*WK83*
298,M. Grosse-Br√∂mer,@MGrosseBroemer,https://twitter.com/MGrosseBroemer,"Mitglied des Bundestages (MP), 1. Parl. Gesch√§ftsf√ºhrer der"
299,Sigmar Gabriel,@sigmargabriel,https://twitter.com/sigmargabriel,"Abgeordneter f√ºr den Wahlkreis Wolfenb√ºttel, Salzgitter, Vorharz"
300,Maik Beermann,@MaikBeermann,https://twitter.com/MaikBeermann,CDU Bundestagsabgeordneter f√ºr die Landkreise Nienburg und
301,Lisa Paus,@lisapaus,https://twitter.com/lisapaus,"MdB, Berlinerin, Feministin, Mama, Finanzexpertin mit Fokus"
302,Manfred Todtenhausen,@MTodtenhausen,https://twitter.com/MTodtenhausen,FDP Bundestagsabgeordneter Elektromeister.
303,Petra Pau,@PetraPauMaHe,https://twitter.com/PetraPauMaHe,MdB #*LINKE* <https://twitter.com/hashtag/LINKE?src=hash>
304,Daniela Kolbe,@danielakolbe,https://twitter.com/danielakolbe,"Generalsekret√§rin der Sachsen-SPD, Mitglied des Bundestages aus"
305,Timon Gremmels,@Timon_Gremmels,https://twitter.com/Timon_Gremmels,"SPD-Vorsitzender im Landkreis Kassel, MdB f√ºr den Wahlkreis 168, Kassel"
306,J√ºrgen Trittin,@JTrittin,https://twitter.com/JTrittin,MdB B√ºndnis 90/Die Gr√ºnen & Wahlkreis G√∂ttingen & Werder-Fan. Team
307,Dr. Edgar Franke,@FrankeEdgar,https://twitter.com/FrankeEdgar,Direkt gew√§hlter MdB aus Nordhessen. Vorsitzender des
308,Margarete Bause,@MargareteBause,https://twitter.com/MargareteBause,"Bundestagsabgeordnete B√ºndnis 90/ Die Gr√ºnen, Sprecherin f√ºr"
309,Konstantin Kuhle,@KonstantinKuhle,https://twitter.com/KonstantinKuhle,Mitglied @*bundestag* <https://twitter.com/bundestag> f√ºr
310,Sylvia Kotting-Uhl,@BabettesChefin,https://twitter.com/BabettesChefin,Gr√ºne MdB Vorsitzende Umweltausschuss K√§mpft f√ºr: #*Klimaschutz*
311,Katja Leikert,@KLeikert,https://twitter.com/KLeikert,"Stellvertretende Vorsitzende der CDU/CSU-Bundestagsfraktion,"
312,Helge Lindh,@helgelindh,https://twitter.com/helgelindh,"Bundestagsabgeordneter f√ºr Wuppertal, #*SPD*"
313,Jens Zimmermann,@JensZimmermann1,https://twitter.com/JensZimmermann1,Bundestagsabgeordneter Wahlkreis 187 (Odenwald) - Digitalpolitischer
314,Peter Beyer,@Peter_Beyer,https://twitter.com/Peter_Beyer,"Bundestagsabgeordneter f√ºr Heiligenhaus, Ratingen, Velbert, W√ºlfrath"
315,Toni Hofreiter,@ToniHofreiter,https://twitter.com/ToniHofreiter,"Dr. Anton Hofreiter MdB, Fraktionsvorsitzender von B√ºndnis 90/DIE"
316,Stefan Gelbhaar,@StefanGelbhaar,https://twitter.com/StefanGelbhaar,"Bundestagsabgeordneter, Rechtsanwalt, b√ºndnisgr√ºner Obmann im"
317,Christine Buchholz,@ch_buchholz,https://twitter.com/ch_buchholz,MdB | @*linksfraktion* <https://twitter.com/linksfraktion> |
318,Daniel F√∂st,@DFoest,https://twitter.com/DFoest,"Vorsitzender @*fdpbay* <https://twitter.com/fdpbay>, Mitglied des"
319,Michael Thews,@michael_thews,https://twitter.com/michael_thews,Bundestagsabgeordneter (WK 145) - Hamm-L√ºnen-Selm-Werne - SPD -
320,Uwe Schummer,@UweSchummer,https://twitter.com/UweSchummer,"Zuhause in Willich am Niederrhein, geboren in Adelaide in"
321,Florian Hahn,@hahnflo,https://twitter.com/hahnflo,"MdB, M√ºnchen-Land, Europa & Verteidigung, Stiftung Lebenshilfe"
322,Armin Schuster,@armin_schuster,https://twitter.com/armin_schuster,Mitglied des Deutschen Bundestags f√ºr den Wahlkreis L√∂rrach-M√ºllheim
323,G√ºnter Krings,@guenterkrings,https://twitter.com/guenterkrings,"Jurist, Mitglied des Deutschen Bundestages, Vorsitzender von BACDJ"
324,Johann Wadephul,@JoWadephul,https://twitter.com/JoWadephul,"MdB, stv. FV/Deputy Chairman CDU/CSU-Fraktion"
325,Ulli Nissen,@UlliNissen,https://twitter.com/UlliNissen,"Mitglied des Deutschen Bundestages - Ausschuss Umwelt, Naturschutz,"
326,Peter Altmaier,@peteraltmaier,https://twitter.com/peteraltmaier,Bundesminister f√ºr Wirtschaft und Energie. Mitglied des Deutschen
327,Patrick Schnieder,@PSchnieder,https://twitter.com/PSchnieder,"Bundestagsabgeordneter, Parlamentarischer Gesch√§ftsf√ºhrer der"
328,Peter Aumer,@PeterAumer,https://twitter.com/PeterAumer,#*Bayer* <https://twitter.com/hashtag/Bayer?src=hash>
329,Heike H√§nsel,@HeikeHaensel,https://twitter.com/HeikeHaensel,MdB | stellvertretende Vorsitzende + Leiterin AK Au√üenpolitik der
330,Christian Lange,@LangeMdB,https://twitter.com/LangeMdB,Parlamentarischer Staatssekret√§r im @*BMJV_Bund*
331,Dr. Karamba Diaby,@KarambaDiaby,https://twitter.com/KarambaDiaby,#*SPD*
332,Pascal Meiser,@pascalmeiser,https://twitter.com/pascalmeiser,"Alternder Fu√üballer & Mitglied des Deutschen Bundestags, DIE LINKE,"
333,Jens Spahn,@jensspahn,https://twitter.com/jensspahn,"Bundesminister f√ºr Gesundheit, Mitglied des Bundestages und im"
334,Gabriela Heinrich,@GaHeinrich,https://twitter.com/GaHeinrich,Mitglied des Deutschen Bundestages
335,Petra Sitte,@Petra_Sitte_MdB,https://twitter.com/Petra_Sitte_MdB,Abgeordnete der @*linksfraktion* <https://twitter.com/linksfraktion>
336,Thomas Oppermann,@ThomasOppermann,https://twitter.com/ThomasOppermann,"Hier twittert Thomas Oppermann, MdB, Vizepr√§sident des Deutschen"
337,Thomas Hitschler,@ThomasHitschler,https://twitter.com/ThomasHitschler,MdB f√ºr die #*S√ºdpfalz*
338,Paul Ziemiak,@PaulZiemiak,https://twitter.com/PaulZiemiak,Mitglied @*Bundestag* <https://twitter.com/Bundestag> üá©üá™ -
339,Dr. Roland Hartwig,@R_Hartwig_AfD,https://twitter.com/R_Hartwig_AfD,Stellv. @*AfDimBundestag*
340,Lisa Badum,@badulrichmartha,https://twitter.com/badulrichmartha,"Sprecherin f√ºr Klimapolitik, MdB, B90/Die Gr√ºnen,"
341,Sebastian Steineke,@SteinekeCDU,https://twitter.com/SteinekeCDU,"üá©üá™ Mitglied des Bundestages - Direkt f√ºr die Prignitz,"
342,Sabine Leidig,@SabineLeidig,https://twitter.com/SabineLeidig,"Kapitalismuskritik, linke Verkehrspolitik, √ñkologie"
343,Yasmin Fahimi,@yasmin_fahimi,https://twitter.com/yasmin_fahimi,
344,Oliver Kaczmarek,@KaczmarekOliver,https://twitter.com/KaczmarekOliver,Bildungs- und forschungspolitischer Sprecher @*spdbt*
345,Katrin Werner,@Katrin_Werner,https://twitter.com/Katrin_Werner,Mitglied im Deutschen #*Bundestag*
346,Filiz Polat,@filizgreen,https://twitter.com/filizgreen,"Hier twittert Filiz Polat, GR√úNEN-Bundestagsabgeordnete, Sprecherin"
347,B√§rbel Kofler,@BaerbelKofler,https://twitter.com/BaerbelKofler,Beauftragte der Bundesregierung f√ºr Menschenrechtspolitik und
348,Jens Beeck,@jensbeeck,https://twitter.com/jensbeeck,Mitglied des Bundestages | Teilhabepolitischer Sprecher @*fdpbt*
349,Simone Barrientos,@SBarrientosK,https://twitter.com/SBarrientosK,Mitglied des Bundestags | linksfraktion | Wahlkreis W√ºrzburg |
350,Pohl.Position,@Buergerwohl,https://twitter.com/Buergerwohl,"J√ºrgen Pohl, AfD, Nordth√ºringen MdB"
351,Agnieszka Brugger,@agnieszka_mdb,https://twitter.com/agnieszka_mdb,MdB WK #*Ravensburg*
352,Linda Teuteberg,@LindaTeuteberg,https://twitter.com/LindaTeuteberg,#*Brandenburgerin*
353,Felix Schreiner,@felixschreiner,https://twitter.com/felixschreiner,Christdemokrat | Verkehrspolitiker | Direktgew√§hlter
354,Axel Fischer,@Axel_Fischer,https://twitter.com/Axel_Fischer,
355,Johann Saathoff,@Johann_Saathoff,https://twitter.com/Johann_Saathoff,
356,Matthias Heider,@MatthiasHeider,https://twitter.com/MatthiasHeider,"Rechtsanwalt, MdB im s√ºdl. Sauerland, zust√§ndig im"
357,Heike Brehmer,@HeikeBrehmerMdB,https://twitter.com/HeikeBrehmerMdB,"Mitglied des Deutschen Bundestags f√ºr den Harz und das Salzland,"
358,Markus Kurth,@markuskurthmdb,https://twitter.com/markuskurthmdb,"MdB, B√ºndnis 90/Die Gr√ºnen im Deutschen Bundestag"
359,Alexander Lambsdorff,@Lambsdorff,https://twitter.com/Lambsdorff,Alle Tweets von mir / All tweets by me. Vize-Vorsitzender der FDP im
360,Jens Koeppen,@JensKoeppen,https://twitter.com/JensKoeppen,N√§gel mit KOEPPEN - MdB - Wahlkreis 57 Uckermark und Barnim -
361,Helin Evrim Sommer,@HESommer,https://twitter.com/HESommer,Bundestagsabgeordnete (DIE LINKE)| Entwicklungspolitische
362,Nikolas L√∂bel,@NikolasLoebel,https://twitter.com/NikolasLoebel,Mitglied des Deutschen Bundestages @*cducsubt*
363,Irene Mihalic,@IreneMihalic,https://twitter.com/IreneMihalic,MdB @*GrueneBundestag* <https://twitter.com/GrueneBundestag>
364,Dorothee B√§r,@DoroBaer,https://twitter.com/DoroBaer,"MdB, Staatsministerin im Bundeskanzleramt f√ºr Digitalisierung"
365,Sevim Dagdelen,@SevimDagdelen,https://twitter.com/SevimDagdelen,"stellv. Vorsitzende DIE LINKE. im Bundestag, Au√üen-, R√ºstungs-,"
366,Lorenz G√∂sta Beutin,@lgbeutin,https://twitter.com/lgbeutin,MdB Klima- & energiepolitischer Sprecher @*linksfraktion*
367,Anja Weisgerber,@anjaweisgerber,https://twitter.com/anjaweisgerber,"Mitglied des Deutschen Bundestages, CSU, Unterfranken"
368,Christian Lindner,@c_lindner,https://twitter.com/c_lindner,Bundesvorsitzender der Freien Demokraten. Vorsitzender der Fraktion
369,Hilde Mattheis,@HildeMattheis,https://twitter.com/HildeMattheis,"Abgeordnete des Deutschen Bundestages, Mitglied im"
370,Niema Movassat,@NiemaMovassat,https://twitter.com/NiemaMovassat,Bundestagsabgeordneter (DIE LINKE) | Obmann im Rechtsausschuss |
371,Tino Sorge,@TinoSorge,https://twitter.com/TinoSorge,Mitglied des Deutschen Bundestages @*cducsubt*
372,Kai Gehring,@KaiGehring,https://twitter.com/KaiGehring,#*Gr√ºne* <https://twitter.com/hashtag/Gr%C3%BCne?src=hash>
373,Katja Hessel,@fdp_hessel,https://twitter.com/fdp_hessel,
374,Ute Vogt,@UteVogt,https://twitter.com/UteVogt,SPD-Bundestagsabgeordnete f√ºr Stuttgart I
375,Marco Buschmann,@MarcoBuschmann,https://twitter.com/MarcoBuschmann,Mitglied des Deutschen Bundestages / Erster PGF der Fraktion der
376,Stephan K√ºhn,@stephankuehn,https://twitter.com/stephankuehn,"s√§chsischer Bundestagsabgeordneter, verkehrspolitischer Sprecher der"
377,Gitta Connemann,@GittaConnemann,https://twitter.com/GittaConnemann,Geboren in den 60ern im hohen Norden. Mitglied und Dabei.
378,Peter Boehringer,@PeterBoehringer,https://twitter.com/PeterBoehringer,Mitglied im 19. Deutschen Bundestag | Vorsitzender des
379,Carsten Schneider,@schneidercar,https://twitter.com/schneidercar,Erster Parlamentarischer Gesch√§ftsf√ºhrer SPD-Bundestagsfraktion /
380,Dagmar Schmidt,@dieschmidt,https://twitter.com/dieschmidt,
381,Hermann Gr√∂he,@groehe,https://twitter.com/groehe,Bundestagsabgeordneter aus dem Rhein-Kreis Neuss. Impressum:
382,Bjoern Simon,@BjoernSimon,https://twitter.com/BjoernSimon,"Vorsitzender CDU Obertshausen, Christdemokrat, Wissenschaftlicher"
383,Michael Leutert,@MichaelLeutert,https://twitter.com/MichaelLeutert,"DIE LINKE im Bundestag, aus Chemnitz, Sachsen. Haushaltspolitiker,"
384,Thomas Hacker,@hacker_fdp,https://twitter.com/hacker_fdp,Mitglied des Bundestages und Fraktionsvorsitzender der
385,Oliver Krischer,@Oliver_Krischer,https://twitter.com/Oliver_Krischer,"MdB, stv. Vorsitzender Bundestagsfraktion B√ºndnis 90/Die Gr√ºnen,"
386,Andrej Hunko,@AndrejHunko,https://twitter.com/AndrejHunko,Europapolitischer Sprecher der @*linksfraktion*
387,Nils Schmid,@NilsSchmid,https://twitter.com/NilsSchmid,"Au√üenpolitischer Sprecher der @*spdbt* <https://twitter.com/spdbt>,"
388,Johannes Steiniger,@JoSteiniger,https://twitter.com/JoSteiniger,"Direkt gew√§hlter Bundestagsabgeordneter f√ºr den WK Neustadt-Speyer,"
389,Aydan √ñzoƒüuz,@oezoguz,https://twitter.com/oezoguz,Mitglied des Bundestages | Staatsministerin a.D. | Mitglied des
390,Birke Bull-Bischoff,@Birke_Bull,https://twitter.com/Birke_Bull,Mitglied des Bundestages f√ºr DIE LINKE im Wahlkreis 73 und √ºberhaupt
391,Falko Mohrs,@FalkoMohrs,https://twitter.com/FalkoMohrs,Mitglied des Deutschen Bundestages - Direkt gew√§hlt im Wahlkreis
392,Frank Junge,@fjunge,https://twitter.com/fjunge,
393,Stephan Thomae,@StephanThomae,https://twitter.com/StephanThomae,Mitglied des Deutschen Bundestages. Stellvertretender
394,S√∂ren Pellmann,@LINKEPELLI,https://twitter.com/LINKEPELLI,in #*LeipzigS√ºd*
395,Martina Renner,@MartinaRenner,https://twitter.com/MartinaRenner,MdB die LINKE
396,Ulrich Lange,@UlrichLange,https://twitter.com/UlrichLange,
397,Hans-Joachim Fuchtel,@fuchtel,https://twitter.com/fuchtel,Parlamentarischer Staatssekret√§r bei der Bundesministerin f√ºr
398,Karin Strenz,@KarinStrenz,https://twitter.com/KarinStrenz,
399,Klaus Ernst,@ernst_klaus,https://twitter.com/ernst_klaus,Stellvertretender Vorsitzender der Bundestagsfraktion DIE LINKE
400,Stefan Zierke,@zierke,https://twitter.com/zierke,Bundestagsabgeordneter f√ºr die Uckermark und den Barnim
401,Christian Petry,@CPetryMdB,https://twitter.com/CPetryMdB,Generalsekret√§r der @*SPD_Saar* <https://twitter.com/SPD_Saar> /
402,Manfred Behrens,@Manfredbehrens,https://twitter.com/Manfredbehrens,"Ortsb√ºrgermeister, Kreistagsabgenordneter und Bundestagskandidat"
403,Monika Lazar,@monikalazar,https://twitter.com/monikalazar,s√§chsische Bundestagsabgeordnete B√ºndnis90/ Die Gr√ºnen
404,Olav Gutting,@olavgutting,https://twitter.com/olavgutting,"Volksvertreter, Rechtsanwalt"
405,S√∂ren Bartol,@soerenbartol,https://twitter.com/soerenbartol,Bundestagsabgeordneter im Wahlkreis Marburg-Biedenkopf und stellv.
406,Stephan Harbarth,@stephanharbarth,https://twitter.com/stephanharbarth,Ihr Abgeordneter f√ºr den Wahlkreis Rhein-Neckar. Stellvertretender
407,Ingo Wellenreuther,@Wellenreuther,https://twitter.com/Wellenreuther,"MdB im Wahlkreis Karlsruhe-Stadt, Vors. Richter am Landgericht a.D."
408,Peter Wei√ü,@PeterWeissMdB,https://twitter.com/PeterWeissMdB,Direkt gew√§hlter Bundestagsabgeordneter des Wahlkreises
409,Carsten M√ºller,@CarstenMuellers,https://twitter.com/CarstenMuellers,"Bankkaufmann, Rechtsanwalt, Bundestagsabgeordneter"
410,Beate M√ºller-Gemmeke,@GrueneBeate,https://twitter.com/GrueneBeate,"Hier twittert Beate M√ºller-Gemmeke, gr√ºne Bundestagsabgeordnete,"
411,Tabea R√∂√üner,@TabeaRoessner,https://twitter.com/TabeaRoessner,"MdB, B√úNDNIS 90/DIE GR√úNEN, Verbraucher-, Medien-, Film- und"
412,matthias zimmer,@matthiaszimmer,https://twitter.com/matthiaszimmer,Ihr Frankfurter Abgeordneter im Deutschen Bundestag
413,Harald Ebner,@ebner_sha,https://twitter.com/ebner_sha,Mitglied des Deutschen Bundestags #*Gr√ºn*
414,Marco B√ºlow,@marcobuelow,https://twitter.com/marcobuelow,"Dortmunder, Europ√§er, SPD MdB, @*plattformPRO*"
415,Dieter Janecek,@DJanecek,https://twitter.com/DJanecek,MdB. Obmann Digitalausschuss und Mitglied Wirtschaftsausschuss.
416,Stefan Kaufmann,@StefanKaufmann,https://twitter.com/StefanKaufmann,√úberzeugter Stuttgarter! Hier ist trotz Bundestagsmandat mein
417,Thomas Gebhart,@thomasgebhart,https://twitter.com/thomasgebhart,
418,Rita Schwarzel√ºhr-S.,@rischwasu,https://twitter.com/rischwasu,"MdB, SPD Politikerin, PStin BMU. Views are my own!"
419,Andreas Scheuer,@AndiScheuer,https://twitter.com/AndiScheuer,Bundesminister f. Verkehr und digitale Infrastruktur @*BMVI*
420,Dr. Andreas Nick,@DrAndreasNick,https://twitter.com/DrAndreasNick,"MdB, Wahlkreis 204 Montabaur (Westerwald/Rhein-Lahn); @*cducsubt*"
421,Sahra Wagenknecht,@SWagenknecht,https://twitter.com/SWagenknecht,Mitglied des Deutschen Bundestages - Vorsitzende der Linksfraktion
422,Beate W.-Rosenheimer,@BeateWaRo,https://twitter.com/BeateWaRo,"MdB, Psychologin, Mutter von 5 Kindern, Kommunalpolitikerin"
423,Mathias_Stein,@stonie_kiel,https://twitter.com/stonie_kiel,SPD Bundestagsabgeordneter f√ºr Kiel-Altenholz-Kronshagen #
424,Uwe Kekeritz,@UweKekeritz,https://twitter.com/UweKekeritz,Abgeordneter bei @*GrueneBundestag*
425,Martin Rabanus,@MartinRabanus,https://twitter.com/MartinRabanus,Bundestagsabgeordneter im Wahlkreis 178 Rheingau-Taunus-Limburg
426,Marc Henrichmann,@MarcHenrichmann,https://twitter.com/MarcHenrichmann,Leidenschaftlicher M√ºnsterl√§nder. F√ºr den Wahlkreis
427,Ingrid Nestle,@Ingrid_Nestle,https://twitter.com/Ingrid_Nestle,Sprecherin f√ºr Energiewirtschaft der Gr√ºnen Bundestagsfraktion.
428,Frank Heinrich,@FrankHeinrich,https://twitter.com/FrankHeinrich,"geb. '64, Sozialp√§dagoge und Theologe, '97 bis '09 Leiter der"
429,Patrick Sensburg,@PatrickSensburg,https://twitter.com/PatrickSensburg,
430,Roderich Kiesewetter,@RKiesewetter,https://twitter.com/RKiesewetter,Obmann Au√üenpolitik @*cducsubt* <https://twitter.com/cducsubt>
431,Niels Annen,@NielsAnnen,https://twitter.com/NielsAnnen,"Mitglied des SPD-Parteivorstands, Mitglied des Deutschen Bundestags"
432,Nadine Sch√∂n,@NadineSchoen,https://twitter.com/NadineSchoen,"Bundestagsabgeordnete f√ºr den Wahlkreis 298 (Saarland), CDU"
433,Kerstin Andreae,@KerstinAndreae,https://twitter.com/KerstinAndreae,Bundestagsabgeordnete aus Freiburg | B√ºndnis 90/Die Gr√ºnen | Team
434,Kai Wegner,@kaiwegner,https://twitter.com/kaiwegner,Bundestagsabgeordneter der @*CDU* <https://twitter.com/CDU> f√ºr
435,Tankred Schipanski,@TSchipanski,https://twitter.com/TSchipanski,CDU Bundestagsabgeordneter
436,Kerstin Griese,@KerstinGriese,https://twitter.com/KerstinGriese,"Bundestagsabgeordnete (SPD) aus NRW, Parlamentarische"
437,Ernst D. Rossmann,@edrossmann,https://twitter.com/edrossmann,"Vorsitzender des Ausschusses Bildung, Forschung &"
438,J√ºrgen Hardt,@juergenhardt,https://twitter.com/juergenhardt,"Mitglied des Deutschen Bundestages, Au√üenpolitischer Sprecher der"
439,Bettina Stark-Watzinger,@starkwatzinger,https://twitter.com/starkwatzinger,MdB | Freie Demokratin | Vorsitzende des Finanzausschusses |
440,Ralph Brinkhaus,@rbrinkhaus,https://twitter.com/rbrinkhaus,"CDU-Bundestagsabgeordneter, stellvertretender Vorsitzender der"
441,Christian Hirte,@ChristianHirte,https://twitter.com/ChristianHirte,"Parl. Staatssekret√§r beim Bundesminister f√ºr Wirtschaft, Ost- und"
442,Thomas Jarzombek,@tj_tweets,https://twitter.com/tj_tweets,doing rocket science for the federal Goverment
443,Burkhard Lischka,@LischkaB,https://twitter.com/LischkaB,
444,Martin Burkert,@BurkertMartin,https://twitter.com/BurkertMartin,"Vors. Landesgruppe Bayern in der SPD-Bundestagsfraktion, ehem."
445,S√∂nke Rix,@SoenkeRix,https://twitter.com/SoenkeRix,"MdB f√ºr Rendsburg-Eckernf√∂rde/S-H | familien-, jugend- u."
446,Dr. Eva H√∂gl,@EvaHoegl,https://twitter.com/EvaHoegl,"Mitglied des Deutschen Bundestages, direkt gew√§hlt in Berlin-Mitte,"
447,Johannes Kahrs,@kahrs,https://twitter.com/kahrs,Twitter Account von Johannes Kahrs (MdB). Member of the House of
448,Dr. Michael Meister,@meister_schafft,https://twitter.com/meister_schafft,
449,Erwin R√ºddel,@Erwin_Rueddel,https://twitter.com/Erwin_Rueddel,CDU-MdB f√ºr die Region Rhein-Westerwald-Sieg. Politik - Sport -
450,Volkmar Klein,@VolkmarKlein,https://twitter.com/VolkmarKlein,"Mitglied des Deutschen Bundestags, Abgeordneter f√ºr Siegerland und"
451,Franziska Brantner,@fbrantner,https://twitter.com/fbrantner,Bundestagsabgeordnete f√ºr Heidelberg und die Bergstra√üe
452,Andreas Rimkus,@SPDuesseldorf,https://twitter.com/SPDuesseldorf,"ANDREAS RIMKUS - Bundestagsabgeordneter MdB - f√ºr Freiheit,"
453,Frank Schwabe #FreeShahidulAlam,@FrankSchwabe,https://twitter.com/FrankSchwabe,"Sozialdemokrat, Chairman of the SOC group in PACE, Member of the"
454,Benjamin Strasser,@bstrasser,https://twitter.com/bstrasser,mitglied des deutschen bundestages | innenpolitiker | obmann ua
455,Dr. Martin Rosemann,@MartinRosemann,https://twitter.com/MartinRosemann,"MdB f√ºr T√ºbingen-Hechingen, Stellv. Arbeitsmarkt- und"
456,Volker Ullrich,@VolkerUllrich,https://twitter.com/VolkerUllrich,"Mitglied des Deutschen Bundestages, CDU/CSU-Fraktion. Jurist und"
457,Daniela Kluckert,@DanielaKluckert,https://twitter.com/DanielaKluckert,"FDP-Bundestagsabgeordnete, stellv. Vors. des Verkehrsausschusses,"
458,Josef Oster,@josefoster,https://twitter.com/josefoster,"Bundestagsabgeordneter, direkt gew√§hlt im Wahlkreis 199 - Koblenz"
459,Frank Sitta,@franksitta,https://twitter.com/franksitta,Stellvertretender Fraktionsvorsitzender @*fdpbt*
460,Katja Kipping,@katjakipping,https://twitter.com/katjakipping,Mitglied des Bundestages und Vorsitzende der Partei DIE LINKE. Es
461,Frank Steffel,@franksteffel,https://twitter.com/franksteffel,#*MdB* <https://twitter.com/hashtag/MdB?src=hash> f√ºr #*Berlin*
462,Ch Aschenberg-Dugnus,@cad59,https://twitter.com/cad59,"Rechtsanw√§ltin, Vorsitzende LFA Gesundheitspolitik S-H, Vorsitzende"
463,Gabriele Hiller-Ohm,@GabiHillerOhm,https://twitter.com/GabiHillerOhm,"Mitglied des Bundestages (SPD) f√ºr L√ºbeck, Sandesneben und Berkenthin"
464,Gesine L√∂tzsch,@LoetzschMdB,https://twitter.com/LoetzschMdB,"MdB, Direktmandat im Wahlkreis Berlin-Lichtenberg | Stellvertretende"
465,Heiko Maas,@HeikoMaas,https://twitter.com/HeikoMaas,Bundesau√üenminister & Saarl√§nder. MdB f√ºr den WK297 (Saarlouis).
466,Steffen Bilger,@SteffenBilger,https://twitter.com/SteffenBilger,"MdB Wahlkreis Ludwigsburg, Parlamentarischer Staatssekret√§r im"
467,Erhard Grundl,@ErhardGrundl,https://twitter.com/ErhardGrundl,
468,AMattfeldt,@AMattfeldt,https://twitter.com/AMattfeldt,
469,Ingmar Jung,@Ingmar_Jung,https://twitter.com/Ingmar_Jung,Bundestagsabgeordneter f√ºr den Wahlkreis Wiesbaden.
470,Cansel Kiziltepe,@CanselK,https://twitter.com/CanselK,#*MdB* <https://twitter.com/hashtag/MdB?src=hash> #*berlin*
471,Dr. Jan-Marco Luczak,@JM_Luczak,https://twitter.com/JM_Luczak,Mitglied des Deutschen Bundestages | stellv. rechtspolitischer
472,Thomas L. Kemmerich,@KemmerichThL,https://twitter.com/KemmerichThL,"MdB, Vorsitzender FDP Th√ºringen und FDP Erfurt, Bundesvorsitz"
473,Marcus Faber,@MarcusFaber,https://twitter.com/MarcusFaber,Mitglied Deutscher Bundestag | Bundesvorstand FDP | stellv.
474,Peter Tauber,@petertauber,https://twitter.com/petertauber,"L√§ufer, MdB im sch√∂nsten Wahlkreis Deutschlands, Christdemokrat,"
475,Ekin Delig√∂z,@ekindeligoez,https://twitter.com/ekindeligoez,MdB @*GrueneBundestag* <https://twitter.com/GrueneBundestag> aus
476,Swen Schulz,@swenschulz,https://twitter.com/swenschulz,SPD-Bundestagsabgeordneter f√ºr Berlin-Spandau und Charlottenburg-Nord
477,Josephine Ortleb,@joloulou,https://twitter.com/joloulou,"Saarbr√ºckerin, Gewerkschafterin, Sozialdemokratin,"
478,Marlene Mortler,@marlenemortler,https://twitter.com/marlenemortler,Bundestagsabgeordnete (Wahlkreis: N√ºrnberger Land/Roth)
479,Caren Lay,@CarenLay,https://twitter.com/CarenLay,Mitglied des Deutschen Bundestags (MdB) ‚Ä¢ Stellv.
480,Kathrin Vogler,@voglerk,https://twitter.com/voglerk,#*Bundestag* <https://twitter.com/hashtag/Bundestag?src=hash>
481,Katrin Helling-Plahr,@KatrinHelling,https://twitter.com/KatrinHelling,"Mitglied des Deutschen Bundestages, Ausschuss f√ºr Recht und"
482,Dr. Tobias Lindner,@tobiaslindner,https://twitter.com/tobiaslindner,Mitglied des Deutschen Bundestages
483,Oliver Luksic,@OlliLuksic,https://twitter.com/OlliLuksic,"Verkehrspolitischer Sprecher @*fdpbt* <https://twitter.com/fdpbt>,"
484,Diether Dehm,@Diether_Dehm,https://twitter.com/Diether_Dehm,Bundestagsabgeordneter Fraktion DIE LINKE
485,R√ºdiger Kruse,@RuedigerKruse,https://twitter.com/RuedigerKruse,Im Bundestag f√ºr Hamburg-Eimsb√ºttel | Berichterstatter f√ºr #*Kultur*
486,Ulrich Kelber,@UlrichKelber,https://twitter.com/UlrichKelber,"Dipl.-Informatiker, Mitglied des Bundestags f√ºr die Bundesstadt Bonn"
487,W. Strengmann-Kuhn,@W_SK,https://twitter.com/W_SK,"Dr. Wolfgang Strengmann-Kuhn, promovierter und habilitierter"
488,Gero Storjohann,@gero_storjohann,https://twitter.com/gero_storjohann,Mitglied des Deutschen Bundestages im Wahlkreis 8 ‚Äì
489,Pascal Kober,@PascalKober,https://twitter.com/PascalKober,
490,Katja D√∂rner,@katjadoerner,https://twitter.com/katjadoerner,Gr√ºne Bundestagsabgeordnete f√ºr Bonn Stellvertretende
491,B√§rbel Bas,@baerbelbas,https://twitter.com/baerbelbas,"aus Duisburg, Mitglied des Deutschen Bundestages, Parlamentarische"
492,Christoph Matschie,@matschie,https://twitter.com/matschie,"MdB f√ºr #*Jena* <https://twitter.com/hashtag/Jena?src=hash>,"
493,Florian Pronold,@FlorianPronold,https://twitter.com/FlorianPronold,Florian Pronold ist SPD-Bundestagsabgeordneter & Parlamentarischer
494,Uwe Schulz,@Uwe_Schulz_AfD,https://twitter.com/Uwe_Schulz_AfD,Als Mitglied des Deutschen Bundestages stehe ich f√ºr eine
495,Cem √ñzdemir,@cem_oezdemir,https://twitter.com/cem_oezdemir,Bundestagsabgeordneter f√ºr Stuttgart I
496,Helge Braun,@HBraun,https://twitter.com/HBraun,Chef des Bundeskanzleramtes und Bundestagsabgeordneter f√ºr
497,KatjaSuding,@KatjaSuding,https://twitter.com/KatjaSuding,Stellv. Vorsitzende der FDP-Bundestagsfraktion ‚Ä¢ Stellv.
498,rainerspiering,@rainerspiering,https://twitter.com/rainerspiering,"SPD-Bundestagskandidat im WK Osnabr√ºck, Land."
499,Frank Sch√§ffler,@f_schaeffler,https://twitter.com/f_schaeffler,"¬´Es ist eine Hauptaufgabe des Wettbewerbs zu zeigen, welche Pl√§ne"
500,Dennis Rohde,@DennisRohde,https://twitter.com/DennisRohde,Mitglied des Deutschen Bundestages. Direkt gew√§hlt im Wahlkreis
501,Maria Klein-Schmeink,@MariaKlSchmeink,https://twitter.com/MariaKlSchmeink,"Gr√ºne MdB, Gesundheitspolitische Sprecherin, begeistert von M√ºnster,"
502,OttO Fricke,@Otto_Fricke,https://twitter.com/Otto_Fricke,"Freiheitsfreund, MdB, Haush√§lter, Mitglied Bundesvorstand FDP und"
503,jimmyschulz,@jimmyschulz,https://twitter.com/jimmyschulz,"Vorsitzender #*BTADA* <https://twitter.com/hashtag/BTADA?src=hash>,"
504,Stefan M√ºller,@smuellermdb,https://twitter.com/smuellermdb,Bundestagsabgeordneter f√ºr Erlangen und Erlangen-H√∂chstadt
505,Manuel Sarrazin,@ManuelSarrazin,https://twitter.com/ManuelSarrazin,"MdB, Sprecher f Osteuropa B'90/Die Gr√ºnen Bundestag; MP Germany,"
506,Kordula Schulz-Asche,@K_SA,https://twitter.com/K_SA,"Abgeordnete im Deutschen Bundestag, Sprecherin f√ºr Pflege- und"
507,Konstantin v. Notz,@KonstantinNotz,https://twitter.com/KonstantinNotz,- Gr√ºner Bundestagsabgeordneter - Stellv. Fraktionsvorsitzender -
508,Martin Schulz,@MartinSchulz,https://twitter.com/MartinSchulz,Gl√ºhender Sozialdemokrat.
509,Torsten Herbst,@torstenherbst,https://twitter.com/torstenherbst,FDP Bundestagsabgeordneter | Obmann im Ausschuss f√ºr Verkehr und
510,Christian D√ºrr,@christianduerr,https://twitter.com/christianduerr,stellvertretender @*fdpbt* <https://twitter.com/fdpbt>-Vorsitzender.
511,Manuel H√∂ferlin,@ManuelHoeferlin,https://twitter.com/ManuelHoeferlin,"Mitglied des Deutschen Bundestages. Familienvater, Rheinhesse,"
512,Lars Castellucci,@larscastellucci,https://twitter.com/larscastellucci,"MdB, Sprecher f√ºr Migration und Integration und Kirchenbeauftragter"
513,Florian Toncar,@florian_toncar,https://twitter.com/florian_toncar,Parlamentarischer Gesch√§ftsf√ºhrer & finanzpolitischer Sprecher der
514,Ulle Schauws  ‚ùï,@ulle_schauws,https://twitter.com/ulle_schauws,Feministin #*Gr√ºne*
515,Sven Kindler,@sven_kindler,https://twitter.com/sven_kindler,#*MdB* <https://twitter.com/hashtag/MdB?src=hash> #*Gr√ºne*
516,SteffiLemke,@SteffiLemke,https://twitter.com/SteffiLemke,Mitglied des Deutschen Bundestages (B√ºndnis 90/Die Gr√ºnen)
517,Sven Lehmann  Ô∏è‚Äç,@svenlehmann,https://twitter.com/svenlehmann,Bundestagsabgeordneter aus #*K√∂ln*
518,Tobias Pflueger,@tpflueger,https://twitter.com/tpflueger,"Vize-Vorsitzender DIE LINKE, MdB, verteidungungspolitischer Sprecher"
519,Omid Nouripour,@nouripour,https://twitter.com/nouripour,"MP, international, ‚ÄûTop5 German politics-social-media-influencer‚Äú"
520,anke domscheit-berg,@anked,https://twitter.com/anked,"Publizistin, Netzaktivistin und Bundestagsabgeordnete (MP) f√ºr DIE"
521,Marco Wanderwitz,@wanderwitz,https://twitter.com/wanderwitz,Parlamentarischer Staatssekret√§r f√ºr #*Bau*
522,Hermann Otto Solms,@solms,https://twitter.com/solms,Mitglied des Deutschen Bundestages und Bundesschatzmeister der
523,Lars Klingbeil,@larsklingbeil,https://twitter.com/larsklingbeil,MdB | Rotenburg I - Heidekreis | SPD-Generalsekret√§r | FCB | Musik |
524,Hubertus Heil,@hubertus_heil,https://twitter.com/hubertus_heil,"Bundesminister f√ºr Arbeit und Soziales, MdB f√ºr den Wahlkreis"
525,Katharina Dr√∂ge,@katdro,https://twitter.com/katdro,K√∂lnerin. Gr√ºne. Mitglied des Bundestages. Im Fraktionsvorstand von
526,Matthias H√∂hn,@MatthiasHoehn,https://twitter.com/MatthiasHoehn,Mitglied des #*Bundestag*
527,Johannes Vogel,@johannesvogel,https://twitter.com/johannesvogel,"MdB, Generalsekret√§r der FDP NRW und Mitglied des"
528,Fabio De Masi,@FabioDeMasi,https://twitter.com/FabioDeMasi,"MdB/MP, stellv. Vorsitzender/Vice Chair @*Linksfraktion*"
